{
  "id": "2227825",
  "name": "2",
  "font_family": "iconfont",
  "css_prefix_text": "icon-",
  "description": "",
  "glyphs": [
    {
      "icon_id": "18223812",
      "name": "李宁",
      "font_class": "lining",
      "unicode": "e64d",
      "unicode_decimal": 58957
    },
    {
      "icon_id": "18223814",
      "name": "耐克",
      "font_class": "naike",
      "unicode": "e64e",
      "unicode_decimal": 58958
    },
    {
      "icon_id": "18223818",
      "name": "彪马",
      "font_class": "biaoma",
      "unicode": "e64f",
      "unicode_decimal": 58959
    },
    {
      "icon_id": "18240761",
      "name": "鸡",
      "font_class": "ji",
      "unicode": "e60c",
      "unicode_decimal": 58892
    },
    {
      "icon_id": "18240762",
      "name": "狗",
      "font_class": "gou",
      "unicode": "e610",
      "unicode_decimal": 58896
    },
    {
      "icon_id": "18240763",
      "name": "鼠",
      "font_class": "shu",
      "unicode": "e612",
      "unicode_decimal": 58898
    },
    {
      "icon_id": "18240764",
      "name": "牛",
      "font_class": "niu",
      "unicode": "e613",
      "unicode_decimal": 58899
    },
    {
      "icon_id": "18240765",
      "name": "虎",
      "font_class": "hu",
      "unicode": "e614",
      "unicode_decimal": 58900
    },
    {
      "icon_id": "18240766",
      "name": "蛇",
      "font_class": "she",
      "unicode": "e615",
      "unicode_decimal": 58901
    },
    {
      "icon_id": "18240767",
      "name": "羊",
      "font_class": "yang",
      "unicode": "e616",
      "unicode_decimal": 58902
    },
    {
      "icon_id": "18240768",
      "name": "兔",
      "font_class": "tu",
      "unicode": "e617",
      "unicode_decimal": 58903
    },
    {
      "icon_id": "18240769",
      "name": "猪",
      "font_class": "zhu",
      "unicode": "e618",
      "unicode_decimal": 58904
    },
    {
      "icon_id": "18240770",
      "name": "龙",
      "font_class": "long",
      "unicode": "e619",
      "unicode_decimal": 58905
    },
    {
      "icon_id": "18240771",
      "name": "马",
      "font_class": "ma",
      "unicode": "e61a",
      "unicode_decimal": 58906
    },
    {
      "icon_id": "18240772",
      "name": "猴",
      "font_class": "hou",
      "unicode": "e61b",
      "unicode_decimal": 58907
    },
    {
      "icon_id": "18258335",
      "name": "暴雪",
      "font_class": "baoxue",
      "unicode": "e602",
      "unicode_decimal": 58882
    },
    {
      "icon_id": "18258336",
      "name": "暴雨",
      "font_class": "baoyu",
      "unicode": "e603",
      "unicode_decimal": 58883
    },
    {
      "icon_id": "18258337",
      "name": "冰雹",
      "font_class": "bingbao",
      "unicode": "e61c",
      "unicode_decimal": 58908
    },
    {
      "icon_id": "18258338",
      "name": "大风",
      "font_class": "dafeng",
      "unicode": "e61d",
      "unicode_decimal": 58909
    },
    {
      "icon_id": "18258339",
      "name": "大雾 晚上",
      "font_class": "dawuwanshang",
      "unicode": "e61e",
      "unicode_decimal": 58910
    },
    {
      "icon_id": "18258343",
      "name": "大雾 白天",
      "font_class": "dawubaitian",
      "unicode": "e61f",
      "unicode_decimal": 58911
    },
    {
      "icon_id": "18258344",
      "name": "多云 晚上",
      "font_class": "duoyunwanshang",
      "unicode": "e620",
      "unicode_decimal": 58912
    },
    {
      "icon_id": "18258345",
      "name": "晴天 白天",
      "font_class": "qingtianbaitian",
      "unicode": "e621",
      "unicode_decimal": 58913
    },
    {
      "icon_id": "18258346",
      "name": "晴天 晚上",
      "font_class": "qingtianwanshang",
      "unicode": "e622",
      "unicode_decimal": 58914
    },
    {
      "icon_id": "18258351",
      "name": "阴天",
      "font_class": "yintian",
      "unicode": "e623",
      "unicode_decimal": 58915
    },
    {
      "icon_id": "18258352",
      "name": "小雨",
      "font_class": "xiaoyu",
      "unicode": "e624",
      "unicode_decimal": 58916
    },
    {
      "icon_id": "18261674",
      "name": "drag",
      "font_class": "drag",
      "unicode": "e62c",
      "unicode_decimal": 58924
    },
    {
      "icon_id": "18261678",
      "name": "delate",
      "font_class": "delate",
      "unicode": "e62d",
      "unicode_decimal": 58925
    },
    {
      "icon_id": "18261680",
      "name": "edit",
      "font_class": "edit",
      "unicode": "e62e",
      "unicode_decimal": 58926
    },
    {
      "icon_id": "18261692",
      "name": "unfold",
      "font_class": "unfold",
      "unicode": "e632",
      "unicode_decimal": 58930
    },
    {
      "icon_id": "18342244",
      "name": "线性眼睛",
      "font_class": "xianxingyanjing",
      "unicode": "ea07",
      "unicode_decimal": 59911
    },
    {
      "icon_id": "18342249",
      "name": "线性指标",
      "font_class": "xianxingzhibiao",
      "unicode": "ea08",
      "unicode_decimal": 59912
    },
    {
      "icon_id": "18342255",
      "name": "线性定位",
      "font_class": "xianxingdingwei",
      "unicode": "ea09",
      "unicode_decimal": 59913
    },
    {
      "icon_id": "18342265",
      "name": "线性扫一扫",
      "font_class": "xianxingsaoyisao",
      "unicode": "ea0a",
      "unicode_decimal": 59914
    },
    {
      "icon_id": "18342269",
      "name": "线性相机",
      "font_class": "xianxingxiangji",
      "unicode": "ea0c",
      "unicode_decimal": 59916
    },
    {
      "icon_id": "18342270",
      "name": "线性设置",
      "font_class": "xianxingshezhi",
      "unicode": "ea0d",
      "unicode_decimal": 59917
    },
    {
      "icon_id": "18363004",
      "name": "首页",
      "font_class": "shouye",
      "unicode": "e625",
      "unicode_decimal": 58917
    },
    {
      "icon_id": "18373723",
      "name": "0",
      "font_class": "0",
      "unicode": "e626",
      "unicode_decimal": 58918
    },
    {
      "icon_id": "18373726",
      "name": "1",
      "font_class": "1",
      "unicode": "e627",
      "unicode_decimal": 58919
    },
    {
      "icon_id": "18373727",
      "name": "2",
      "font_class": "2",
      "unicode": "e628",
      "unicode_decimal": 58920
    },
    {
      "icon_id": "18373728",
      "name": "7",
      "font_class": "7",
      "unicode": "e629",
      "unicode_decimal": 58921
    },
    {
      "icon_id": "18373729",
      "name": "9",
      "font_class": "9",
      "unicode": "e62a",
      "unicode_decimal": 58922
    },
    {
      "icon_id": "18373730",
      "name": "6",
      "font_class": "6",
      "unicode": "e62b",
      "unicode_decimal": 58923
    },
    {
      "icon_id": "18373731",
      "name": "8",
      "font_class": "8",
      "unicode": "e62f",
      "unicode_decimal": 58927
    },
    {
      "icon_id": "18373732",
      "name": "5",
      "font_class": "5",
      "unicode": "e630",
      "unicode_decimal": 58928
    },
    {
      "icon_id": "18373733",
      "name": "4",
      "font_class": "4",
      "unicode": "e631",
      "unicode_decimal": 58929
    },
    {
      "icon_id": "18373734",
      "name": "3",
      "font_class": "3",
      "unicode": "e633",
      "unicode_decimal": 58931
    },
    {
      "icon_id": "18383757",
      "name": "系统设置",
      "font_class": "xitongshezhi",
      "unicode": "e634",
      "unicode_decimal": 58932
    },
    {
      "icon_id": "18383760",
      "name": "通讯录",
      "font_class": "tongxunlu",
      "unicode": "e635",
      "unicode_decimal": 58933
    },
    {
      "icon_id": "18383773",
      "name": "考勤管理",
      "font_class": "kaoqinguanli",
      "unicode": "e636",
      "unicode_decimal": 58934
    },
    {
      "icon_id": "18383775",
      "name": "排班管理",
      "font_class": "paibanguanli",
      "unicode": "e637",
      "unicode_decimal": 58935
    },
    {
      "icon_id": "18383993",
      "name": "设置2",
      "font_class": "shezhi2",
      "unicode": "e638",
      "unicode_decimal": 58936
    },
    {
      "icon_id": "4186849",
      "name": "购物车",
      "font_class": "gouwuche",
      "unicode": "e639",
      "unicode_decimal": 58937
    },
    {
      "icon_id": "15907691",
      "name": "alipay",
      "font_class": "alipay",
      "unicode": "e601",
      "unicode_decimal": 58881
    },
    {
      "icon_id": "15907698",
      "name": "collection",
      "font_class": "collection",
      "unicode": "e604",
      "unicode_decimal": 58884
    },
    {
      "icon_id": "15907711",
      "name": "feedback",
      "font_class": "feedback",
      "unicode": "e606",
      "unicode_decimal": 58886
    },
    {
      "icon_id": "15907715",
      "name": "wechat",
      "font_class": "wechat",
      "unicode": "e608",
      "unicode_decimal": 58888
    },
    {
      "icon_id": "15907725",
      "name": "QQ",
      "font_class": "QQ",
      "unicode": "e609",
      "unicode_decimal": 58889
    },
    {
      "icon_id": "15908696",
      "name": "libao",
      "font_class": "libao",
      "unicode": "e60d",
      "unicode_decimal": 58893
    },
    {
      "icon_id": "15908697",
      "name": "eye",
      "font_class": "eye",
      "unicode": "e60e",
      "unicode_decimal": 58894
    },
    {
      "icon_id": "15908700",
      "name": "eye-close",
      "font_class": "eye-close",
      "unicode": "e60f",
      "unicode_decimal": 58895
    },
    {
      "icon_id": "15916346",
      "name": "loading2",
      "font_class": "loading2",
      "unicode": "e611",
      "unicode_decimal": 58897
    },
    {
      "icon_id": "17930621",
      "name": "警员",
      "font_class": "jingyuan",
      "unicode": "e605",
      "unicode_decimal": 58885
    },
    {
      "icon_id": "17930623",
      "name": "刑事",
      "font_class": "xingshi",
      "unicode": "e607",
      "unicode_decimal": 58887
    },
    {
      "icon_id": "17930634",
      "name": "搜索",
      "font_class": "sousuo",
      "unicode": "e60a",
      "unicode_decimal": 58890
    },
    {
      "icon_id": "17937293",
      "name": "警力检测",
      "font_class": "jinglijiance",
      "unicode": "e60b",
      "unicode_decimal": 58891
    },
    {
      "icon_id": "18223800",
      "name": "阿迪达斯-三叶草",
      "font_class": "adidasi-sanyecao",
      "unicode": "e647",
      "unicode_decimal": 58951
    },
    {
      "icon_id": "18223801",
      "name": "阿迪达斯",
      "font_class": "adidasi",
      "unicode": "e648",
      "unicode_decimal": 58952
    },
    {
      "icon_id": "18223805",
      "name": "安踏",
      "font_class": "anta",
      "unicode": "e649",
      "unicode_decimal": 58953
    },
    {
      "icon_id": "18223806",
      "name": "贵人鸟",
      "font_class": "guirenniao",
      "unicode": "e64a",
      "unicode_decimal": 58954
    },
    {
      "icon_id": "18223809",
      "name": "匡威",
      "font_class": "kuangwei",
      "unicode": "e64b",
      "unicode_decimal": 58955
    },
    {
      "icon_id": "18223810",
      "name": "特步",
      "font_class": "tebu",
      "unicode": "e64c",
      "unicode_decimal": 58956
    }
  ]
}
