{
  "id": "2219293",
  "name": "常用图标",
  "font_family": "iconfont",
  "css_prefix_text": "icon",
  "description": "",
  "glyphs": [
    {
      "icon_id": "18028199",
      "name": "保存1",
      "font_class": "baocun1",
      "unicode": "e617",
      "unicode_decimal": 58903
    },
    {
      "icon_id": "18028204",
      "name": "添加3",
      "font_class": "tianjia3",
      "unicode": "e618",
      "unicode_decimal": 58904
    },
    {
      "icon_id": "18028208",
      "name": "上传",
      "font_class": "shangchuan",
      "unicode": "e619",
      "unicode_decimal": 58905
    },
    {
      "icon_id": "18240767",
      "name": "羊",
      "font_class": "yang",
      "unicode": "e608",
      "unicode_decimal": 58888
    },
    {
      "icon_id": "18261671",
      "name": "calendar",
      "font_class": "calendar",
      "unicode": "e62b",
      "unicode_decimal": 58923
    },
    {
      "icon_id": "18261677",
      "name": "left",
      "font_class": "left",
      "unicode": "e62d",
      "unicode_decimal": 58925
    },
    {
      "icon_id": "18261678",
      "name": "delate",
      "font_class": "delate",
      "unicode": "e62c",
      "unicode_decimal": 58924
    },
    {
      "icon_id": "18261682",
      "name": "more",
      "font_class": "more",
      "unicode": "e62e",
      "unicode_decimal": 58926
    },
    {
      "icon_id": "18261686",
      "name": "right",
      "font_class": "right",
      "unicode": "e630",
      "unicode_decimal": 58928
    },
    {
      "icon_id": "18261688",
      "name": "up",
      "font_class": "up",
      "unicode": "e631",
      "unicode_decimal": 58929
    },
    {
      "icon_id": "18261689",
      "name": "down",
      "font_class": "down",
      "unicode": "e632",
      "unicode_decimal": 58930
    },
    {
      "icon_id": "18269542",
      "name": "表情",
      "font_class": "biaoqing",
      "unicode": "e609",
      "unicode_decimal": 58889
    },
    {
      "icon_id": "18269574",
      "name": "锁",
      "font_class": "suo",
      "unicode": "e60e",
      "unicode_decimal": 58894
    },
    {
      "icon_id": "18269590",
      "name": "疑问、问题",
      "font_class": "yiwenwenti",
      "unicode": "e611",
      "unicode_decimal": 58897
    },
    {
      "icon_id": "18269596",
      "name": "指南",
      "font_class": "zhinan",
      "unicode": "e612",
      "unicode_decimal": 58898
    },
    {
      "icon_id": "18289156",
      "name": "开始2",
      "font_class": "kaishi2",
      "unicode": "e622",
      "unicode_decimal": 58914
    },
    {
      "icon_id": "18289157",
      "name": "暂停2",
      "font_class": "zanting2",
      "unicode": "e623",
      "unicode_decimal": 58915
    },
    {
      "icon_id": "18336447",
      "name": "分享",
      "font_class": "fenxiang",
      "unicode": "e606",
      "unicode_decimal": 58886
    },
    {
      "icon_id": "18336448",
      "name": "更多",
      "font_class": "gengduo",
      "unicode": "e607",
      "unicode_decimal": 58887
    },
    {
      "icon_id": "18336449",
      "name": "关闭",
      "font_class": "guanbi",
      "unicode": "e60a",
      "unicode_decimal": 58890
    },
    {
      "icon_id": "18336450",
      "name": "评论",
      "font_class": "pinglun",
      "unicode": "e60b",
      "unicode_decimal": 58891
    },
    {
      "icon_id": "18336452",
      "name": "删除",
      "font_class": "shanchu",
      "unicode": "e60c",
      "unicode_decimal": 58892
    },
    {
      "icon_id": "18336453",
      "name": "搜索",
      "font_class": "sousuo",
      "unicode": "e60d",
      "unicode_decimal": 58893
    },
    {
      "icon_id": "18336454",
      "name": "收藏",
      "font_class": "shoucang",
      "unicode": "e60f",
      "unicode_decimal": 58895
    },
    {
      "icon_id": "18336458",
      "name": "验证码",
      "font_class": "yanzhengma",
      "unicode": "e610",
      "unicode_decimal": 58896
    },
    {
      "icon_id": "18336460",
      "name": "我的",
      "font_class": "wode",
      "unicode": "e613",
      "unicode_decimal": 58899
    },
    {
      "icon_id": "18336461",
      "name": "首页",
      "font_class": "shouye",
      "unicode": "e614",
      "unicode_decimal": 58900
    },
    {
      "icon_id": "18336464",
      "name": "作品",
      "font_class": "zuopin",
      "unicode": "e615",
      "unicode_decimal": 58901
    }
  ]
}
